{
    "Energies": [
        631.9929485278338,
        -418.4347606626208,
        -774.6058198714045,
        -836.7884340098025,
        -774.2238299377004,
        -673.6316604282116,
        -596.8854040728113,
        -540.5283837329774
    ],
    "a_list": [
        3.1388,
        3.304,
        3.4692,
        3.6344,
        3.7996,
        3.9648000000000003,
        4.13,
        4.2952
    ],
    "temp": 50.0
}