{
    "Energies": [
        852.5906720952785,
        -198.97459494875795,
        -560.2163188092404,
        -624.1613188204558,
        -568.8884882910908,
        -470.73691241565206,
        -396.8250337211533,
        -336.361273630833
    ],
    "a_list": [
        3.1388,
        3.304,
        3.4692,
        3.6344,
        3.7996,
        3.9648000000000003,
        4.13,
        4.2952
    ],
    "temp": 1000.0
}