{
    "Energies": [
        690.3312636643008,
        -360.0920659160011,
        -717.4620709138874,
        -779.2056454841158,
        -718.5010915326728,
        -621.571276672948,
        -535.2794021723829,
        -479.53154394760503
    ],
    "a_list": [
        3.1388,
        3.304,
        3.4692,
        3.6344,
        3.7996,
        3.9648000000000003,
        4.13,
        4.2952
    ],
    "temp": 300.0
}