{
    "MSD": [
        0.0026256295664985416,
        0.006515347219284218,
        0.010501413353881361,
        0.014462888601948644,
        0.017974073378084054,
        0.0216531541640303,
        0.026369671498125562
    ],
    "Temps": [
        100.0,
        250.0,
        400.0,
        550.0,
        700.0,
        850.0,
        1000.0
    ]
}